x;y;Altitude;Radiation;Slope;RR_annual;Tavg_7;NDVI;Slopeproc;Cryoturb;Nivation;Vasc_rich;Arcalp;Betnan;Dryoct;Empher;Gersyl;Linbor;Phycae;Solvir;Vacmyr;Vacvit
474156.7364;7767265.367;634.7000122;0.338398646;5.055170059;590.8649426;9.499816895;0.2092;0;1;0;18;0;0;1;1;0;0;1;0;0;0
464531.006;7760901.316;575;0.404653244;7.175600052;567.3485584;9.901187897;0.3929;0;3;0;11;1;1;1;1;0;0;1;0;0;1
476517.1195;7764579.939;428;0.426754453;4.438469887;534.4420776;10.76160717;0.7005;0;4;0;34;0;1;1;1;0;0;1;1;1;1
469337.9738;7760453.553;574.5999756;0.42064796;7.125020027;562.537384;10.04483318;0.519;1;0;0;13;0;1;0;1;0;0;1;0;1;1
470357.9574;7765081.241;521.9000244;0.659180622;26.64394951;562.8841801;10.14796257;0.5763;0;1;0;39;0;0;0;1;1;0;1;1;1;1
476915.2659;7758349.063;163.5;0.38197697;10.2730999;470.2725754;12.10898113;0.7616;1;0;0;10;0;0;0;1;0;1;0;0;1;1
471784.866;7766180.231;953.7000122;0.335218539;6.054599762;663.7868233;7.949898243;0.1508;5;4;1;2;0;0;0;0;0;0;0;0;0;0
472349.4987;7763355.298;464.2000122;0.48790157;9.834500313;539.5712204;10.61441231;0.548;1;1;0;11;1;1;1;1;0;0;0;0;0;1
476723.7688;7759923.44;190.6999969;0.465731624;11.58512974;476.8787365;12.00520992;0.839;0;0;0;25;0;0;0;0;1;1;0;1;1;1
464682.0545;7763816.015;550.2999878;0.393068192;0.287319988;564.4390469;9.988209724;0.512;0;0;0;8;1;1;0;1;0;0;0;0;0;1
468621.3832;7768833.977;584.2000122;0.430012131;10.24244976;584.7548161;9.832250595;0.5633;0;2;0;21;0;0;0;1;0;0;0;1;0;1
466892.5198;7761648.54;672.4000244;0.325109567;12.37012005;589.2838764;9.316830635;0.5044;5;0;0;11;0;0;0;1;0;0;1;0;0;1
476071.6493;7760742.148;339.7999878;0.49651151;15.72733974;499.8819218;11.3589592;0.5563;1;0;6;14;0;1;0;1;0;0;1;0;1;0
470124.9026;7767553.778;820.0999756;0.483842672;9.215929985;633.7659035;8.757370949;0.2443;6;0;0;5;0;0;0;0;0;0;0;0;0;1
467042.7154;7765420.028;891.0999756;0.385901959;1.180899978;637.6555061;8.549226761;0.144;1;5;0;1;0;0;0;0;0;0;0;0;0;1
468823.0545;7763708.628;978.9000244;0.360800105;3.890480042;659.1174736;8.081194878;0.1533;3;6;0;1;0;0;0;0;0;0;0;0;0;0
468798.6066;7762250.169;896;0.448157553;5.610479832;642.1926689;8.403916359;0.1516;4;3;0;4;0;0;0;0;0;0;0;0;0;0
475749.8458;7766491.632;664.0999756;0.495035812;10.02093983;592.3382263;9.556921959;0.381;5;5;0;24;0;0;0;1;0;0;1;0;0;1
472189.2652;7762401.876;392.2000122;0.332338968;13.50697994;524.1862087;10.84354591;0.6993;4;1;0;26;0;1;0;1;0;0;1;1;1;1
468566.8321;7764461.995;893.2000122;0.221186173;18.41090965;638.7180862;8.105229378;0.1511;7;0;0;3;0;0;0;0;0;0;0;0;0;0
470241.3436;7765181.66;561.7999878;0.677817301;28.55796051;564.9208927;10.02354813;0.5004;3;1;0;32;0;0;0;1;0;0;1;1;1;0
466298.5557;7762905.295;782.4000244;0.48559291;9.652259827;606.7322464;9.09860611;0.26;3;3;0;8;0;0;0;1;0;0;1;0;0;1
472694.3915;7765812.717;956.7000122;0.313294188;7.969580173;662.1059494;8.010002136;0.132;4;6;7;1;0;0;0;0;0;0;0;0;0;0
473942.0015;7762828.615;458.1000061;0.470890577;10.83407974;539.4747639;10.59075069;0.3622;1;0;26;24;0;0;0;1;0;0;1;1;0;0
471834.911;7760837.291;434.3999939;0.391063109;1.811280012;529.6288338;10.70291233;0.5316;0;1;0;6;0;1;0;1;0;0;0;0;0;1
476029.8724;7766518.279;659.7999878;0.503363453;13.72206974;593.5329227;9.486016273;0.1547;6;3;39;0;0;0;0;0;0;0;0;0;0;0
474714.9472;7760844.114;266.1000061;0.422661444;5.781020164;499.7295666;11.58007336;0.8318;0;0;0;28;0;0;0;0;1;1;0;1;1;1
472933.3007;7766721.094;769.4000244;0.268206863;14.79162979;623.8825951;8.450291634;0.3911;3;1;0;8;0;0;0;0;0;0;1;0;0;1
465172.26;7762664.78;536.2999878;0.392633373;2.764630079;558.7948952;10.11463928;0.618;0;0;0;17;0;1;0;1;0;0;1;1;1;0
469815.4792;7765136.166;493.2999878;0.290540608;14.94036961;560.1053352;10.04139233;0.6619;2;2;0;34;0;0;0;1;0;0;1;1;0;0
469659.013;7761684.301;692.5;0.409277091;7.253759861;591.8875561;9.43404007;0.357;2;0;0;17;1;1;1;1;0;0;0;0;0;1
469276.078;7760862.002;618.5999756;0.459672802;6.98815012;574.160059;9.793423653;0.3976;1;0;0;16;0;1;1;1;0;0;1;1;0;1
475349.9323;7760653.195;240.8999939;0.527656857;14.96537018;496.4941826;11.71856213;0.8292;1;0;0;16;0;0;0;1;1;1;1;1;1;1
477755.7182;7767475.972;645.9000244;0.322059633;6.504539967;587.8979168;9.450749397;0.3424;5;3;0;7;0;1;0;1;0;0;0;0;0;1
472022.3266;7766985.708;853.2999878;0.308831127;18.61474991;643.0736542;8.561578751;0.1131;9;2;41;0;0;0;0;0;0;0;0;0;0;0
474279.6622;7763670.785;522;0.420734286;7.125020027;554.7987251;10.25919724;0.3454;1;3;0;10;0;1;0;1;0;0;1;0;0;1
463843.8493;7762245.897;571.5999756;0.387174461;1.180899978;563.9053307;9.944757462;0.4381;0;7;0;36;0;1;0;1;0;0;1;1;0;0
475633.2395;7761171.593;394.5;0.413190762;2.446180105;513.2921829;11.09215355;0.4863;0;2;0;8;0;1;0;1;0;0;1;0;0;0
465515.3207;7759159.624;462.8999939;0.284157597;22.13278961;543.7037582;9.54135704;0.4428;2;0;0;12;1;1;0;1;0;0;1;0;1;1
465382.2598;7764199.664;542.2999878;0.394926223;5.336349964;564.2315712;10.02918625;0.5863;0;0;0;13;1;1;1;1;0;0;0;0;0;1
473866.9902;7767590.473;646.5;0.35811641;3.729909897;593.280798;9.473399162;0.2378;0;3;0;11;0;1;0;1;0;0;1;0;0;1
476038.4349;7758145.67;202.3999939;0.571978326;21.13587952;475.8240547;11.90222168;0.8117;1;0;0;11;0;0;0;1;0;1;1;0;1;1
464614.9092;7763355.406;553.0999756;0.378995934;1.718289971;563.8546104;9.962428093;0.5126;1;1;0;18;0;1;0;1;0;0;1;1;1;0
468245.7842;7766357.437;576.2999878;0.352790361;3.848429918;574.5228806;9.839240074;0.4139;0;2;0;11;0;1;1;1;0;0;1;0;0;1
472492.6514;7763373.567;458.2999878;0.436453548;4.883520126;542.5393543;10.59613991;0.6324;1;0;4;44;0;0;0;1;0;0;1;0;0;0
471550.6173;7766549.78;918.2000122;0.398883114;2.639410019;657.2256622;8.17579937;0.1229;3;6;3;3;0;0;0;0;0;0;0;0;0;0
475353.6637;7759154.271;325.5;0.373517708;20.32826042;500.3623333;11.43509293;0.6354;3;1;0;14;0;1;0;1;0;0;1;1;1;1
474501.4629;7768897.413;617.5;0.387291741;1.83378005;589.5477905;9.592254639;0.5099;0;10;0;8;0;0;0;0;0;0;0;0;0;0
468433.7953;7761217.307;710.5999756;0.441679829;8.099010468;596.7112427;9.34582901;0.3817;1;0;0;13;0;1;1;1;0;0;1;0;0;1
473588.3935;7762506.83;413.2000122;0.450918554;7.541100025;530.0886135;10.8473568;0.658;0;0;1;5;0;1;0;1;0;0;0;0;0;0
475438.6994;7758127.585;193.6999969;0.540345577;14.25267982;480.6217365;11.97277164;0.7585;1;0;0;13;0;0;0;1;0;1;1;0;1;1
475892.6713;7765578.882;519.9000244;0.435957382;3.445529938;562.0882263;10.24596691;0.6166;1;0;0;21;0;1;0;1;0;0;1;1;1;1
466077.9848;7765128.399;616.2000122;0.386843183;7.667580128;586.5345974;9.662148476;0.7029;5;1;0;17;0;1;0;1;0;0;0;0;0;1
476554.2137;7766820.524;657.5;0.456872189;17.84981918;592.111845;9.516189575;0.1562;4;1;55;2;0;0;0;0;0;0;0;0;0;0
470762.0519;7764198.86;435.6000061;0.382354839;5.6104002;543.7560272;10.6188364;0.6041;1;0;0;28;0;1;0;0;0;0;1;1;1;0
473226.383;7766279.189;916.9000244;0.250290285;14.1809597;644.6003799;7.978534698;0.165;3;0;0;2;0;0;0;0;0;0;0;0;0;0
473126.4551;7760865.441;377.1000061;0.444403032;10.53717041;514.2194061;11.05615807;0.6343;0;1;0;16;0;1;0;1;0;0;1;1;1;1
470354.4126;7768465.932;810.0999756;0.314656662;10.77968979;637.6514549;8.493929863;0.1568;2;1;0;4;0;0;0;0;0;0;0;0;0;0
472073.3112;7766595.198;852.5999756;0.187425286;23.27333069;647.2195053;7.517471313;0.1303;7;4;28;0;0;0;0;0;0;0;0;0;0;0
471788.6333;7765007.369;719.5;0.492062042;11.35455036;605.5883007;9.397460938;0.5492;3;0;0;13;0;1;0;1;0;0;1;0;1;1
474770.1601;7765776.022;580.7000122;0.419129578;17.32003975;575.4574699;9.99492836;0.1657;3;2;32;4;0;0;0;0;0;0;0;0;0;0
472796.7659;7766526.182;786.4000244;0.310881672;27.52751923;633.9200325;8.111509323;0.1862;4;0;0;5;0;0;0;0;0;0;0;0;0;1
475263.9916;7760966.705;339;0.578288255;19.3791008;503.4115314;11.31955528;0.7311;1;2;0;17;0;1;0;1;0;0;1;1;1;1
476754.4188;7760426.104;254.5;0.349550292;11.87613964;489.6463909;11.6551075;0.6467;0;1;0;13;0;0;0;1;0;0;1;0;1;0
472244.4552;7764895.828;723;0.566761901;17.1558094;605.2031174;9.287121773;0.4767;5;0;0;9;0;0;0;1;0;0;0;0;0;1
470090.3307;7766686.871;662.2000122;0.473819887;8.984939575;601.2667122;9.495093346;0.214;3;3;26;7;0;0;0;1;0;0;0;0;0;0
468381.3948;7762577.434;871.2000122;0.449858638;10.58168983;639.4776993;8.504603386;0.1531;7;1;0;8;0;0;0;0;0;0;0;0;0;1
476620.65;7758522.851;236.8000031;0.386583489;16.3306694;473.7504025;11.87877846;0.7709;1;0;0;11;0;1;0;1;0;1;1;0;1;1
475105.9267;7758936.42;328.3999939;0.419367475;31.62611961;499.8443871;11.35525513;0.716;1;0;0;17;0;1;0;1;0;0;1;1;1;1
477422.2401;7760685.972;258.3999939;0.450301533;11.50434971;486.003521;11.73939896;0.7836;0;0;0;10;0;0;0;1;0;0;1;0;1;1
472744.9988;7766736.789;738.2000122;0.332587247;5.624790192;625.8092613;8.952014923;0.2775;2;1;7;12;0;0;0;0;0;0;0;0;0;0
472167.5108;7766528.715;855.0999756;0.180253224;26.34594917;645.0915146;7.327785969;0.0651;4;3;58;0;0;0;0;0;0;0;0;0;0;0
465825.0254;7763778.786;592.2000122;0.399167666;15.35451031;575.530735;9.765552521;0.4062;1;0;0;12;0;1;0;1;0;0;1;0;1;1
467319.2841;7760426.74;941.5;0.344095731;4.916719913;627.2757912;8.280865669;0.1608;1;0;0;3;0;0;0;0;0;0;0;0;0;0
477379.3068;7758920.211;140.1000061;0.382378402;1.181049943;463.6852589;12.12693882;0.8149;1;0;0;16;0;0;0;0;0;1;0;1;1;1
473879.1067;7760296.926;383.6000061;0.38499907;4.163829803;514.7864323;11.07567024;0.5336;0;2;0;9;1;1;0;1;0;0;0;0;0;1
473193.0268;7766855.935;729.4000244;0.321580902;7.040019989;615.8081017;8.977398872;0.5359;1;1;0;30;0;1;0;1;0;0;0;0;0;1
467776.7161;7758080.285;515.2000122;0.420437255;5.244249821;542.9941483;10.32050896;0.54;1;0;0;14;0;1;0;1;0;0;1;1;1;1
468311.6545;7764813.759;871.4000244;0.209365726;22.9395504;633.7467537;8.051052094;0.1489;3;0;0;3;0;0;0;0;0;0;0;0;0;0
471447.1057;7766372.275;911.7999878;0.401223405;6.615429878;656.4780693;8.285987854;0.1347;4;3;0;3;0;0;0;0;0;0;0;0;0;0
476792.5086;7760181.489;227.6000061;0.47195396;9.705220222;483.4176884;11.84837627;0.8186;0;0;0;35;0;0;0;1;1;1;1;1;1;1
467564.4448;7762619.778;731.5;0.423798337;11.64871979;610.1013851;9.158987999;0.2213;6;2;25;0;0;0;0;0;0;0;0;0;0;0
472814.217;7766723.044;748.9000244;0.339699028;18.22763062;624.7879181;8.590994835;0.3395;5;0;0;12;0;0;0;1;0;0;1;0;0;1
470287.9462;7758612.332;482.2000122;0.402152233;0.905820012;536.8403072;10.4397192;0.5228;1;1;0;10;0;1;0;1;0;0;1;0;0;1
464425.0599;7761546.244;561.7000122;0.394920359;1.542379975;563.5337868;9.993347168;0.3545;0;0;0;9;1;1;0;1;0;0;1;0;0;1
467072.3356;7763046.145;763.7000122;0.489411548;9.652190208;614.6520157;8.961723328;0.2217;3;1;0;8;0;0;0;0;0;0;0;0;0;0
473758.7742;7761421.108;340.7999878;0.479038644;5.885129929;512.8405495;11.20242405;0.7106;0;1;0;14;1;1;0;1;0;1;0;0;1;1
475251.2966;7765217.802;482;0.279398095;14.47313976;556.4334507;10.11132336;0.3513;1;4;0;11;0;0;0;1;0;0;1;0;0;1
469086.1264;7767487.165;623.4000244;0.467573643;13.30506039;593.3581257;9.68206501;0.4729;5;2;3;20;1;1;0;1;0;0;0;0;0;0
476808.7131;7760094.565;216.5;0.461220123;7.667600155;480.7668095;11.90181255;0.8057;0;3;0;25;0;0;0;1;0;0;1;0;1;1
471925.8747;7766110.716;967.5999756;0.271397018;11.87287045;664.8824577;7.68787384;0.14;4;3;20;0;0;0;0;0;0;0;0;0;0;0
475864.1924;7764215.683;439.8999939;0.39526186;0.108259998;536.7151794;10.60809517;0.5454;1;3;0;11;0;1;0;1;0;0;1;0;0;1
474706.5528;7765635.187;577.5999756;0.241548565;22.88069916;575.2813683;9.664011002;0.1846;4;1;28;3;0;0;0;0;0;0;0;0;0;0
474704.253;7766642.17;609.5999756;0.317180854;8.059390068;585.1135521;9.59245491;0.3179;2;2;0;13;0;0;1;1;0;0;1;0;0;1
464864.6593;7761402.289;577.4000244;0.298106888;9.834309578;562.0823936;9.698282242;0.3724;0;1;0;13;0;1;0;1;0;0;1;0;1;1
473390.8529;7765714.433;955.4000244;0.406215042;14.78913021;647.7640266;8.194574356;0.1527;5;0;0;0;0;0;0;0;0;0;0;0;0;0
471885.12;7767393.985;913.2000122;0.327968076;12.13702965;650.3376122;8.337128639;0.1331;6;2;0;5;0;0;0;0;0;0;0;0;0;1
475971.667;7761450.569;384.2000122;0.37230711;4.014319897;514.9082031;10.98726082;0.4765;0;0;0;7;0;1;1;1;0;0;0;0;0;1
474206.9791;7765608.776;700.0999756;0.438773612;15.11942005;599.987606;9.385480881;0.2142;6;2;36;19;0;0;0;0;0;0;1;0;0;0
467452.488;7762490.07;721.9000244;0.419254072;4.756999969;605.6992378;9.229633331;0.258;3;2;23;10;0;0;0;1;0;0;1;0;0;0
472523.7657;7761820.315;415.8999939;0.361276134;11.03773022;520.6567478;10.79166222;0.4788;0;0;0;5;0;0;0;1;0;0;0;0;0;0
463168.8858;7759879.816;794.5;0.336797704;8.138310432;612.4934464;8.777289391;0.1563;3;7;0;3;0;0;0;0;0;0;1;0;0;0
476670.1692;7768761.886;631.4000244;0.35688323;3.33716011;594.2428722;9.471975327;0.5342;0;6;3;19;0;0;0;1;0;0;0;0;0;0
467745.2779;7760824.555;728.2000122;0.186546041;25.52050972;606.9923706;8.097058296;0.3078;3;1;0;5;0;0;0;0;0;0;0;0;0;1
465759.2828;7760186.233;461.6000061;0.406172028;0.905820012;545.6427174;10.44550514;0.6356;1;1;0;34;0;1;0;1;0;0;0;1;0;0
477357.088;7768426.097;658.0999756;0.382720466;1.460469961;593.7027359;9.493574142;0.3363;0;1;0;10;0;1;0;1;0;0;1;0;0;1
475709.7728;7760571.576;254.5;0.536927184;14.41843987;494.9278088;11.67947769;0.8434;0;0;0;15;0;0;0;1;0;1;0;1;1;1
475435.8101;7759742.365;344.2000122;0.284065955;16.61573982;500.1090431;11.17565823;0.5202;1;0;12;12;0;0;0;0;0;0;0;0;0;0
473178.0148;7762683.042;433.8999939;0.47794155;15.85400009;531.2263393;10.75579548;0.466;2;1;27;15;0;1;0;1;0;0;0;0;0;0
472685.265;7766394.659;773.4000244;0.313302266;9.271710396;641.9051323;8.459904671;0.2042;1;1;20;0;0;0;0;0;0;0;0;0;0;0
467111.084;7759920.091;785.7000122;0.573857278;19.28272057;611.8889637;8.852164268;0.2125;8;3;0;0;0;0;0;0;0;0;0;0;0;0
474824.0955;7761913.898;392.7999878;0.432663974;5.17429018;523.095295;10.97025013;0.5015;3;1;0;1;0;0;0;0;0;0;0;0;0;0
471654.8594;7767443.071;936.4000244;0.352423601;5.610479832;658.0883141;8.136959076;0.1536;7;5;0;4;0;0;0;0;0;0;0;0;0;0
468189.4153;7762397.362;833.7999878;0.4359072;8.483969688;628.3979988;8.702446938;0.1873;5;4;0;8;0;0;0;0;0;0;1;0;0;1
477713.8951;7766805.557;570.7999878;0.440119941;6.047830105;573.4945374;9.981380463;0.5243;1;1;0;11;0;1;0;1;0;0;0;0;0;1
472513.1801;7766496.171;791.2000122;0.294703284;9.830490112;638.0829735;8.668816566;0.2018;3;2;0;10;0;0;0;0;0;0;0;0;0;1
463643.1847;7768561.102;562.7999878;0.374039125;1.811190009;574.8355694;9.895965576;0.3804;0;10;0;10;0;1;0;1;0;0;1;0;0;1
468900.9267;7766387.403;581.2000122;0.405297965;1.432129979;576.2219677;9.862344742;0.3748;0;2;0;18;0;1;1;1;0;0;1;1;0;1
474862.8874;7765821.413;565.5999756;0.36824061;17.61618996;573.1821251;10.0634346;0.2029;2;1;33;13;0;0;0;1;0;0;1;0;0;0
468078.3923;7764922.674;889.5999756;0.22178734;18.77992058;641.578186;8.070981026;0.1934;3;2;0;4;0;0;0;0;0;0;0;0;0;0
469514.9137;7763191.242;958.2000122;0.18159063;24.66259003;652.1530685;7.266832829;0.151;5;1;0;1;0;0;0;0;0;0;0;0;0;0
468326.7442;7761568.512;781.7000122;0.750629897;39.18429184;610.7399216;8.831612587;0.1682;9;2;9;12;0;0;0;0;0;0;0;0;0;0
471068.45;7765378.781;692.7999878;0.477729055;11.06608009;604.253891;9.523426056;0.6258;5;3;0;36;0;0;0;0;0;0;0;0;0;1
465169.6054;7763412.965;552;0.384717456;3.26274991;561.6184483;10.04502583;0.3944;0;0;0;10;1;1;0;1;0;0;1;0;0;1
470801.3746;7758240.05;492;0.44274707;4.990429878;534.0955486;10.46681118;0.4542;0;3;0;10;1;1;0;1;0;0;1;0;0;1
463023.4366;7760146.446;744.4000244;0.330656243;6.941999912;604.050766;9.042801857;0.2545;5;2;2;6;0;0;0;1;0;0;0;0;0;0
465082.1663;7765373.439;533.9000244;0.396293749;0.10819;563.4771461;10.08403492;0.6014;0;1;0;35;0;1;0;1;0;0;1;1;1;1
463549.2943;7764807.256;710.2000122;0.358897563;7.297679901;599.6149483;9.18017292;0.3947;3;2;0;12;0;1;0;1;0;0;0;0;0;1
471713.7271;7766834.421;917.5;0.377913448;10.64087963;654.6551704;8.252091408;0.1088;7;1;10;2;0;0;0;0;0;0;0;0;0;0
470943.2116;7762760.796;525.5;0.186524086;26.34007072;558.2655735;9.4044981;0.1413;5;1;50;0;0;0;0;0;0;0;0;0;0;0
476132.6097;7760627.435;336.3999939;0.417642021;3.718960047;496.9457207;11.4117527;0.4916;1;0;0;7;1;1;1;1;0;0;0;0;0;1
474285.7312;7765559.054;673.9000244;0.430892085;16.5449791;596.461256;9.53286171;0.2188;6;2;39;9;0;0;0;0;0;0;0;0;0;0
477713.253;7762687.797;287.6000061;0.354801531;7.709209919;501.2832394;11.37205219;0.4876;1;0;0;15;0;1;0;1;0;0;1;1;1;1
476305.0793;7759076.511;275.7999878;0.281895452;10.48120022;483.9297409;11.26736355;0.6048;1;0;0;12;0;1;0;1;0;0;1;0;1;1
476429.4811;7761093.261;305.5;0.326543798;12.32660961;506.2026024;11.0775423;0.561;0;0;5;23;0;1;0;1;0;0;1;0;0;0
476456.0887;7766555.085;614.2000122;0.442612068;12.43525028;586.5017929;9.725594521;0.6284;5;4;0;20;0;0;0;1;0;0;0;1;1;1
473818.4798;7759719.457;409.2000122;0.380834955;1.280920029;522.8437176;10.78539753;0.5476;0;8;0;17;1;1;1;1;0;0;1;0;1;1
470784.1146;7767351.345;865.0999756;0.517609139;13.7109499;647.0377502;8.516451836;0.1277;4;1;0;5;0;0;0;0;0;0;0;0;0;0
473047.4847;7765834.476;981.0999756;0.292690236;17.06664085;659.7704353;7.55384779;0.1517;6;3;0;0;0;0;0;0;0;0;0;0;0;0
477922.8484;7759352.285;125.4000015;0.306109638;8.049480438;458.4286671;11.90502071;0.816;0;0;0;10;0;0;0;1;0;1;0;0;1;1
477126.8852;7766867.908;588.7999878;0.418975824;7.771240234;581.509367;9.8703022;0.2486;0;5;37;0;0;0;0;0;0;0;0;0;0;0
466559.8789;7767303.077;566.9000244;0.398991268;3.983720064;573.0307903;9.946806908;0.5097;1;3;0;23;0;1;0;1;0;0;0;1;0;0
473783.9306;7766872.064;683.5999756;0.29145143;9.398870468;604.3004608;9.105042458;0.2536;2;1;0;14;0;1;1;1;0;0;1;0;0;1
472982.7072;7765654.447;1004.299988;0.425987013;4.731299877;657.7577667;8.003472328;0.1932;2;5;0;2;0;0;0;0;0;0;0;0;0;0
472448.6214;7765530.444;963.9000244;0.574737311;20.06763077;655.4681091;8.030515671;0.112;5;2;70;0;0;0;0;0;0;0;0;0;0;0
473137.2264;7765343.736;862.0999756;0.602642213;34.46310043;638.4970131;8.387594223;0.1169;9;2;37;0;0;0;0;0;0;0;0;0;0;0
476798.0001;7759513.999;161.6000061;0.470945329;7.989659786;470.5132236;12.12855625;0.7614;0;0;0;10;0;1;0;1;0;0;0;0;1;1
466670.3142;7764950.321;806.9000244;0.451761078;17.2760601;626.5636673;8.941058159;0.1956;3;0;0;5;0;0;0;0;0;0;0;0;0;1
470505.3666;7760179.873;487.1000061;0.406153064;5.667860031;540.5516434;10.44539928;0.465;1;2;0;14;0;1;0;1;0;0;1;1;1;1
475416.8913;7760780.404;289;0.520351833;13.77731037;498.9164448;11.5265131;0.8482;1;0;0;14;0;0;0;1;0;1;1;1;1;1
472814.3251;7765183.202;809.2999878;0.57169114;23.06390953;632.9518433;8.702103615;0.1734;5;1;0;2;0;0;0;0;0;0;0;0;0;0
476900.9371;7767097.427;631.4000244;0.38481776;7.264570236;590.6856251;9.663669586;0.5794;2;1;4;18;0;0;0;1;0;0;1;1;0;0
476205.7755;7759720.003;184.1999969;0.348636909;4.044690132;474.6160297;11.8495903;0.8233;0;0;0;35;0;0;0;0;1;1;0;1;0;1
472940.6723;7765782.741;977.0999756;0.28970956;14.93276978;660.4280243;7.665778637;0.1317;5;3;0;0;0;0;0;0;0;0;0;0;0;0
469594.7389;7764802.673;514.7000122;0.271651035;16.89059067;562.9377975;9.956354141;0.6086;2;1;0;36;1;1;1;1;0;0;1;1;1;1
469117.1476;7765566.349;577.2000122;0.367153546;2.180629969;572.8690567;9.89256382;0.4964;0;0;0;12;0;1;1;1;0;0;0;0;0;1
465929.8078;7758658.013;680.9000244;0.386305326;14.41843987;570.8524666;9.551357269;0.1699;1;0;0;4;0;0;0;0;0;0;0;0;0;0
466185.3301;7768278.587;525.0999756;0.400094874;0.10819;567.3968754;10.1215086;0.6985;0;6;0;25;0;0;0;0;0;0;0;1;0;0
474312.636;7761644.574;391.7999878;0.399561176;7.057040215;517.8282013;11.00747299;0.5938;0;2;0;11;1;1;0;1;0;0;1;0;1;1
467455.2231;7764311.415;956;0.423015681;4.222139835;660.3105545;8.073548317;0.1389;3;4;0;0;0;0;0;0;0;0;0;0;0;0
471173.8237;7760100.478;452.7000122;0.39539756;8.206720352;534.8231583;10.62354088;0.2111;0;0;38;15;0;1;0;1;0;0;0;0;0;0
469574.3515;7762913.32;1033.800049;0.364980527;5.545119762;652.7457848;7.980041981;0.1343;4;3;0;0;0;0;0;0;0;0;0;0;0;0
474927.6311;7766005.288;558.2000122;0.45842607;9.09457016;575.408865;10.07298279;0.222;0;2;61;0;0;0;0;0;0;0;0;0;0;0
475229.3379;7760732.983;255.5;0.539691233;16.45612907;497.457365;11.63161659;0.8525;1;0;0;23;0;0;0;0;1;1;1;1;1;1
476790.6971;7764508.387;414.2000122;0.377063066;8.521439552;531.1625957;10.82218742;0.5489;1;1;0;13;0;1;1;1;0;0;1;0;1;1
471838.6334;7765112.266;740.0999756;0.525118117;13.43062973;615.6469803;9.219593048;0.2834;6;1;11;8;0;0;0;1;0;0;0;0;0;0
477562.4335;7762440.329;301.8999939;0.412015067;3.199599981;501.125288;11.38213348;0.6952;1;0;0;12;0;1;0;1;0;0;0;0;0;1
472274.6184;7765616.6;995.7999878;0.609750165;25.41879082;659.9819756;7.898275375;0.1193;6;3;36;0;0;0;0;0;0;0;0;0;0;0
467429.8446;7760122.395;857.7999878;0.335479097;31.02766991;619.4984741;8.648091316;0.1761;8;1;1;6;0;0;0;0;0;0;0;0;0;0
474603.2837;7761621.872;362.3999939;0.471767413;12.95573997;517.8263111;11.10238075;0.3918;4;1;0;8;0;0;0;0;0;0;1;0;0;0
463259.4445;7761463.602;599.5;0.355773725;3.457429886;571.848938;9.754205704;0.4505;1;2;0;11;0;1;0;1;0;0;0;0;0;0
472486.4597;7760501.851;402.6000061;0.321457656;7.6884799;521.5173512;10.6129837;0.5182;1;1;0;12;1;1;0;1;0;0;1;0;1;1
468541.6024;7763490.251;940;0.469618649;16.29463005;659.0681992;8.204561234;0.1232;10;9;0;0;0;0;0;0;0;0;0;0;0;0
475373.3082;7762655.917;428.3999939;0.405506804;2.462899923;530.5333061;10.70148087;0.5474;1;0;0;12;0;1;0;1;0;0;1;0;1;1
472489.234;7765603.681;980.9000244;0.411176836;7.873730183;659.4372826;8.073259354;0.1246;5;1;0;2;0;0;0;0;0;0;0;0;0;0
471630.7152;7766038.565;956.7999878;0.380785739;8.148079872;661.6703568;7.988377571;0.1344;5;1;0;5;0;0;0;0;0;0;0;0;0;0
472252.1265;7766314.244;889.5999756;0.256385893;12.75592041;650.2342148;8.182173729;0.1234;7;2;21;0;0;0;0;0;0;0;0;0;0;0
473095.3493;7766761.374;754.5;0.209228329;19.82172012;620.6552696;8.200063705;0.2959;5;1;0;6;0;0;0;0;0;0;0;0;0;1
473811.4971;7763855.77;561.5999756;0.432544845;6.147240162;566.5395775;10.04413128;0.6178;1;0;0;8;1;1;0;1;0;0;0;0;0;1
468501.9937;7767685.278;572.9000244;0.403644316;2.576469898;576.7551918;9.891728401;0.4667;0;1;0;12;1;1;1;1;0;1;0;0;0;1
475360.6102;7759486.203;364.7999878;0.434292354;4.520189762;501.8413525;11.2924509;0.476;0;2;0;7;1;1;0;1;0;0;0;0;0;1
469536.7275;7766935.63;636.0999756;0.479964993;10.03285027;593.0885677;9.633132935;0.5816;3;1;0;20;0;1;0;1;0;0;0;1;0;1
471864.6399;7762631.609;421.5;0.265254305;14.68976021;528.69837;10.39321136;0.7385;1;0;0;28;0;1;0;1;0;0;1;1;1;0
469464.931;7762506.564;934.4000244;0.508073119;15.46063042;645.0227776;8.22665596;0.137;9;1;0;4;0;0;0;0;0;0;0;0;0;1
475914.6418;7759983.174;200.1000061;0.266988602;14.97286987;482.5128326;11.48222733;0.7829;1;0;0;9;0;0;0;1;0;1;1;0;1;1
474764.4576;7760886.849;267.6000061;0.432044549;5.781020164;499.8174496;11.57903099;0.8524;0;1;0;28;0;0;0;0;1;1;0;1;1;1
469928.6663;7767822.973;835.9000244;0.447556519;7.141970158;635.2886658;8.62722683;0.1986;1;0;0;6;0;0;0;0;0;0;0;0;0;1
474346.3777;7760789.698;295.3999939;0.555594494;18.75152969;502.4603844;11.40602684;0.8266;1;0;0;12;0;0;0;1;0;1;1;1;1;1
472890.9789;7766996.166;710.9000244;0.364070167;3.890700102;615.3604927;9.170129776;0.2766;0;1;16;11;0;0;0;0;0;0;0;0;0;0
465070.5055;7768983.334;546.2999878;0.366276563;2.560640097;570.3352432;9.983460426;0.3452;0;7;6;11;0;1;0;1;0;0;1;0;0;0
475560.7169;7760605.92;251;0.590001425;17.91617966;495.7145576;11.68890667;0.8819;1;0;0;18;0;0;0;1;1;1;0;1;1;1
474491.0113;7765940.329;666.0999756;0.291036429;21.38365936;591.9242535;9.564143181;0.1425;6;1;41;0;0;0;0;0;0;0;0;0;0;0
465542.1129;7760320.596;480.5;0.369563049;11.54477978;545.6429348;10.46822166;0.5223;2;1;2;38;0;1;1;1;0;1;1;1;1;1
477083.84;7758409.864;153.1000061;0.400575677;3.237699986;469.3078976;12.13068199;0.8272;0;0;0;12;0;0;0;1;0;1;0;0;1;1
471813.3724;7766819.156;892.7000122;0.345999644;16.8148098;652.0639114;8.38117218;0.0823;5;5;71;0;0;0;0;0;0;0;0;0;0;0
465145.4065;7766240.206;541.0999756;0.40349217;4.064789772;566.975214;10.09001923;0.5129;0;0;0;13;1;1;0;1;0;0;0;0;1;1
466657.944;7763501.271;790.5999756;0.420791741;2.700609922;620.3883018;8.999008179;0.1822;4;1;0;3;0;0;0;1;0;0;0;0;0;0
469917.1023;7768795.091;731.0999756;0.323373737;8.553970337;619.6776428;8.92108345;0.1816;1;1;0;1;0;0;0;0;0;0;0;0;0;0
468284.6142;7762087.583;838.2999878;0.457246668;11.09403992;626.9237556;8.690349579;0.1728;3;4;0;7;0;0;0;1;0;0;1;0;0;0
464367.8145;7762285.676;554.2000122;0.381885404;1.542379975;560.7179432;10.00261402;0.5426;0;0;0;15;0;1;0;1;0;0;1;1;1;1
471250.6896;7763851.619;418.2999878;0.436834482;4.653319836;536.2572556;10.73081779;0.6254;0;1;0;12;1;1;1;1;0;0;0;0;0;1
466919.0005;7765648.985;853.7000122;0.294862993;21.44695091;628.2601738;8.042043686;0.1547;6;0;0;0;0;0;0;0;0;0;0;0;0;0
475303.0877;7767761.129;714.4000244;0.416718546;6.86616993;607.076107;9.229453087;0.4027;2;5;0;11;0;1;1;1;0;0;1;0;0;1
472892.2391;7760612.082;379.5;0.336953835;4.714079857;517.2608414;10.85526848;0.6608;2;3;0;42;0;1;0;1;1;0;1;1;1;1
467724.2054;7764999.155;913;0.230075061;17.06443024;651.3360939;7.723042965;0.1286;5;3;3;2;0;0;0;0;0;0;0;0;0;0
472388.1902;7766946.983;771.4000244;0.309597584;9.077210426;627.9611244;8.831979752;0.2692;3;3;0;8;0;0;0;1;0;0;1;0;0;0
471470.9779;7767720.677;932.5999756;0.329978459;6.020949841;660.2748337;8.083789825;0.1559;5;2;0;6;0;0;0;1;0;0;0;0;0;0
472069.1157;7766960.833;842.2000122;0.314614451;13.76896;640.6684532;8.601202965;0.121;3;2;0;0;0;0;0;0;0;0;0;0;0;0
477651.8875;7764368.142;379.7999878;0.412418031;1.432060003;523.2811928;10.91313553;0.6786;0;4;0;24;0;1;0;1;0;0;1;1;1;1
471247.6829;7761379.105;499.2000122;0.373008747;9.177100182;545.8424511;10.4088335;0.4104;5;2;0;14;0;0;0;1;0;0;1;1;1;1
469730.0273;7765387.321;527.5999756;0.615240478;22.36668968;567.264389;10.11876965;0.544;1;1;0;29;1;1;1;1;0;0;1;1;1;1
472029.4407;7767041.051;856.7000122;0.295592113;23.34342957;642.8316116;8.56873703;0.0844;6;4;63;0;0;0;0;0;0;0;0;0;0;0
476945.5979;7761120.11;351.7000122;0.580781451;26.36795998;504.6090298;11.16267109;0.5217;2;0;4;18;0;1;0;1;0;0;1;1;1;0
467558.9812;7762493.606;716.5999756;0.430620235;7.130650043;608.0281906;9.236578941;0.1631;3;2;25;0;0;0;0;0;0;0;0;0;0;0
472685.0689;7759855.687;425.8999939;0.342504092;4.618189812;526.6823845;10.61262894;0.6883;2;3;0;17;0;1;0;1;0;1;1;1;1;1
472393.186;7760606.669;386.5;0.375583891;6.221700191;522.1231709;10.9338665;0.2923;5;4;28;32;0;0;0;1;0;0;0;1;0;0
469306.0407;7766029.587;585.2999878;0.388483954;2.715689898;577.1808243;9.851681709;0.2787;2;3;11;30;0;1;0;1;0;0;0;1;0;0
471606.7425;7761862.636;474.6000061;0.377849135;7.209090233;537.5657253;10.56049156;0.5418;0;0;0;10;1;1;0;1;0;0;0;0;0;1
472696.6211;7761823.192;386.1000061;0.369205981;10.02108955;519.2115631;10.97705841;0.7141;0;0;0;29;0;1;0;1;0;0;1;0;1;0
475713.3406;7767378.069;757.2000122;0.4020171;4.298630238;615.1547165;9.013677597;0.4189;0;2;0;16;0;1;1;1;0;0;0;0;0;1
474495.0288;7760668.403;287.6000061;0.198810962;33.27062988;501.8635902;9.450022697;0.7319;1;0;0;15;0;0;0;1;0;0;1;1;1;1
469934.9032;7765319.986;558.2999878;0.551910123;20.15571022;566.4835262;10.0786171;0.6318;0;1;0;44;1;1;1;1;0;0;1;0;0;1
470136.2468;7766380.7;650.7999878;0.439392238;8.014659882;598.0690441;9.529668808;0.4766;2;1;2;12;0;1;0;1;0;0;0;0;0;1
467453.1785;7758635.615;592.7000122;0.507395076;13.90058041;559.8094444;9.903497696;0.2016;1;1;0;12;0;1;0;1;0;0;1;0;0;1
466327.4306;7759768.66;632.5999756;0.418292525;11.61518955;575.2398071;9.845232964;0.3172;1;0;0;12;1;1;0;1;0;0;1;0;0;1
468648.1834;7762799.234;954.4000244;0.502742245;17.97430038;653.3684464;8.121294975;0.1298;7;0;0;2;0;0;0;0;0;0;0;0;0;0
471535.6448;7764462.857;521.2000122;0.51759101;14.85229015;559.9862232;10.29308224;0.6627;4;2;0;14;0;1;0;1;0;0;1;1;1;1
471937.7189;7768972.687;659.5;0.347442886;3.262919903;601.7869415;9.35594368;0.3084;3;3;0;22;0;0;0;0;0;0;0;0;0;0
467443.7503;7759335.481;709.9000244;0.453789093;9.250189781;587.5075874;9.367839813;0.2086;3;1;0;13;0;0;0;1;0;0;0;0;0;1
467901.5602;7764876.139;934.4000244;0.215167491;19.00288963;650.4818306;7.655834675;0.1488;6;3;0;2;0;0;0;0;0;0;0;0;0;0
477626.0388;7762861.158;296.6000061;0.342939699;7.264629841;504.7345047;11.24765682;0.603;1;0;0;17;0;1;0;1;0;0;1;1;1;1
469925.4469;7762455.856;791.5999756;0.472589654;31.71608925;618.753437;8.757015228;0.1244;8;2;22;3;0;0;0;0;0;0;0;0;0;0
471466.8749;7759524.412;470.1000061;0.401234446;0.905820012;535.4603043;10.49059391;0.5183;1;3;0;16;1;1;0;1;0;0;1;0;1;1
466500.1371;7768476.683;547.4000244;0.467601942;9.146710396;569.9838467;10.07192039;0.4386;0;3;0;10;0;0;0;1;0;0;1;0;0;0
472083.8306;7765954.352;1000.200012;0.207731286;19.20236969;666.1389084;7.217021465;0.1662;5;3;4;0;0;0;0;0;0;0;0;0;0;0
470285.4056;7767073.386;722;0.484377145;10.8159399;618.998436;9.214073181;0.1805;2;9;19;3;0;0;0;1;0;0;0;0;0;0
475676.5293;7761210.729;394.7000122;0.393211408;1.180999994;514.6053867;11.03067493;0.4592;0;0;0;9;0;1;1;1;0;0;0;0;0;0
464982.4092;7765908.501;537.4000244;0.375556285;4.883399963;566.8071461;10.09012604;0.6979;1;1;0;30;0;1;0;1;0;0;1;1;1;1
472173.7084;7762937.048;403.7000122;0.541113116;14.62827969;527.9376888;10.82707882;0.7071;2;0;0;9;1;1;1;1;0;0;0;0;0;1
474869.8821;7762791.44;449.7000122;0.40598149;3.262909889;534.9142246;10.60025978;0.6107;0;2;0;17;0;1;0;1;0;0;1;1;1;1
473370.1958;7765327.224;807.0999756;0.521326065;21.85844994;630.9754333;8.673912048;0.141;7;1;5;1;0;0;0;0;0;0;0;0;0;0
472479.6696;7763905.251;532.4000244;0.534062269;14.41310978;560.2307453;10.2303133;0.6205;3;0;0;16;1;1;1;1;0;1;0;0;0;1
465555.0067;7762747.417;557.7999878;0.465279846;9.705280304;570.3920155;10.04447365;0.5042;2;1;0;12;0;1;0;1;0;0;1;0;1;1
474120.087;7764437.613;597.5;0.40032753;10.48499012;574.0535049;9.893909454;0.3591;2;0;0;24;0;1;1;1;0;0;1;1;0;1
476585.9992;7759628.999;167.6000061;0.412317997;2.446199894;471.6995296;12.06094456;0.8205;0;0;0;14;0;0;0;1;0;1;0;1;1;1
467037.1145;7762763.913;727.4000244;0.421037954;2.639240026;608.404253;9.163831711;0.2608;3;1;7;12;0;0;0;1;0;0;1;0;0;1
467207.186;7768816.809;579.7999878;0.442545022;5.43434;578.6989632;9.902391434;0.5211;0;3;0;34;0;1;1;1;0;0;1;1;0;1
473313.7978;7761329.126;369.1000061;0.404285107;4.364520073;513.0293636;11.07693005;0.6113;2;2;0;10;0;1;0;1;0;0;1;0;1;1
469903.2826;7759577.175;486.8999939;0.401088708;1.620110035;539.9805107;10.41014481;0.6203;1;0;0;15;0;1;0;1;0;0;0;0;0;1
473761.4248;7760854.306;332.6000061;0.361195007;3.973560095;507.2268696;11.17252445;0.5613;0;1;0;6;1;1;0;1;0;0;0;0;0;1
474482.5548;7760570.284;318;0.325883795;15.90987968;503.3293152;10.88569641;0.7117;2;0;0;12;1;1;0;1;0;0;0;0;0;1
470362.4005;7767381.107;808.4000244;0.605876013;20.42153931;633.334156;8.683002472;0.1345;4;2;18;1;0;0;0;0;0;0;0;0;0;0
471105.0952;7762790.348;480.2000122;0.290016146;10.8339901;547.7701054;10.23272896;0.5545;4;0;0;11;1;1;0;1;0;0;0;0;0;1
469478.6218;7761256.042;657.7999878;0.420614735;8.665169716;583.3316841;9.609203339;0.5659;2;0;0;27;1;1;1;1;0;0;1;0;1;1
476740.7275;7762770.011;360.2999878;0.407534175;1.620110035;514.2924709;11.07288074;0.4852;0;0;0;9;1;1;0;1;0;0;0;0;0;1
477779.1356;7768576.589;606.2000122;0.285602512;10.22329998;585.8400192;9.548013687;0.3625;3;0;2;20;0;0;0;0;0;0;1;0;0;1
463914.9681;7768328.893;568.5999756;0.356613913;5.493700027;575.4890003;9.787268639;0.4193;0;2;0;14;0;1;0;1;0;0;1;0;0;1
464863.0032;7767792.181;577.2000122;0.357198911;4.618159771;576.3240261;9.851939201;0.2014;1;5;0;13;0;1;0;1;0;0;1;0;0;0
471248.1358;7764505.305;492.5;0.449913973;10.3947401;555.1841545;10.43589497;0.7086;3;1;0;15;1;1;0;1;0;1;1;0;1;1
467273.5717;7764983.701;935.7999878;0.358584101;5.939770222;651.3962288;8.127804756;0.1285;1;5;0;3;0;0;0;0;0;0;1;0;0;0
474605.6486;7767824.298;627.7999878;0.40494461;5.738890171;591.1070423;9.567667007;0.3248;0;1;0;12;0;1;0;1;0;0;1;0;0;1
468870.1215;7768288.49;619.5;0.404436326;10.06809044;591.8045712;9.67006588;0.4507;1;2;0;17;0;1;0;1;0;0;1;0;1;1
476507.9317;7759252.34;221.6999969;0.188583598;26.34354019;475.138689;10.6427393;0.7429;1;0;0;7;0;1;0;1;0;0;1;0;1;1
475767.98;7758053.215;203.6000061;0.423664436;6.379370213;476.4383316;11.95865059;0.7531;0;0;0;8;0;0;0;1;0;0;0;0;1;1
476634.771;7766942.278;664.5;0.393843751;14.91028023;593.6275806;9.523708344;0.1566;3;2;72;0;0;0;0;0;0;0;0;0;0;0
476938.1567;7766387.203;564.5999756;0.402982198;5.710700035;570.9093914;10.00376225;0.4371;5;3;6;8;0;1;0;1;0;0;0;0;0;1
475270.6961;7763833.14;448.2999878;0.391057969;3.729939938;539.6470871;10.57294846;0.6604;0;1;0;16;0;1;0;1;0;0;0;0;1;1
475777.4038;7761384.212;389.8999939;0.395206213;0.100019999;516.5675316;10.92500401;0.6004;0;4;0;15;1;1;0;1;0;0;1;0;1;1
475196.6727;7759235.564;361.7000122;0.366655042;9.028980255;505.4321957;11.25196934;0.5438;1;0;2;31;0;0;0;1;0;0;1;1;1;0
476633.6794;7767186.861;680.2999878;0.342350997;11.63871956;599.8299007;9.414323807;0.1687;2;1;37;0;0;0;0;0;0;0;0;0;0;0
474846.5216;7765073.37;533.4000244;0.380601422;15.94484997;564.566761;10.21084118;0.2467;5;1;48;0;0;0;0;0;0;0;0;0;0;0
473805.4524;7759260.902;419.1000061;0.357065801;4.094739914;523.4426746;10.74651051;0.6894;0;5;0;18;1;1;0;1;0;1;1;1;1;1
474155.4866;7768700.6;622;0.384014656;1.032699943;589.7205524;9.575572014;0.372;0;1;0;9;0;1;0;0;0;0;1;0;0;0
465061.6269;7758189.807;487.2999878;0.272795547;37.90504074;533.4593086;9.044434547;0.3617;7;2;0;16;0;0;0;0;0;0;1;1;0;0
472569.4537;7762075.951;386.2000122;0.268961607;12.3357296;519.2091007;10.44573593;0.6129;2;0;0;11;1;1;1;1;0;0;0;0;0;1
473545.0141;7765784.608;924.9000244;0.307535555;18.67556953;641.7399597;8.357573509;0.1507;6;0;0;0;0;0;0;0;0;0;0;0;0;0
466369.9218;7760655.82;618.7999878;0.420851485;19.60931015;576.1335068;9.817223549;0.6508;1;0;0;22;1;1;1;1;0;1;0;1;1;1
469924.5348;7766464.727;641.0999756;0.452559015;6.657770157;592.6372395;9.597529411;0.5815;2;2;0;30;0;1;1;1;0;0;1;1;0;1
465202.1658;7762378.365;541.9000244;0.411602653;3.718869925;558.2546368;10.09533215;0.5235;0;0;0;11;0;1;0;1;0;0;1;0;0;1
473274.9861;7760635.664;362.1000061;0.297438129;9.684789658;513.6301785;10.78712273;0.592;2;0;0;10;0;1;0;1;0;0;1;0;1;1
471854.8597;7766396.859;929.2000122;0.318489754;6.675940037;658.2477493;8.107728004;0.1141;2;5;7;0;0;0;0;0;0;0;0;0;0;0
467967.643;7764743.297;966.4000244;0.230798274;16.98735046;655.7152824;7.62019825;0.1493;7;6;0;0;0;0;0;0;0;0;0;0;0;0
464898.7494;7762170.105;539.9000244;0.391675541;0.070809998;558.0050831;10.0897131;0.6314;0;0;0;21;0;1;0;0;0;0;0;0;0;0
468806.8986;7767567.297;594.4000244;0.401313534;5.822899818;584.6983395;9.759866714;0.4872;1;2;0;24;0;0;1;0;0;0;1;1;0;1
474078.9145;7759050.084;398;0.390202354;7.667660236;518.3884621;11.00885296;0.5409;2;1;23;12;0;0;0;1;0;0;0;0;0;0
472678.1434;7765117.771;787.7999878;0.536099802;15.1094799;629.6805038;8.826501846;0.1999;5;2;22;0;0;0;0;0;0;0;0;0;0;0
467676.279;7760342.813;795.5999756;0.328632037;21.80290031;615.2509003;8.95450592;0.2022;6;0;0;5;0;0;0;1;0;0;0;0;0;1
476364.058;7766621.033;638.9000244;0.408000826;13.92247009;590.6441174;9.64428997;0.2706;7;4;17;8;0;0;0;0;0;0;0;0;0;0
470889.0363;7763231.669;505.6000061;0.304175299;29.2430191;553.9769859;10.42788315;0.2947;6;0;29;19;0;0;0;1;0;0;1;0;0;0
473775.5859;7758657.113;412.2999878;0.381372524;13.87341022;517.6880398;10.98318958;0.426;1;0;21;11;0;1;0;1;0;0;1;0;0;0
470800.6224;7767903.425;945.2999878;0.554144064;16.92951012;658.7010994;7.994729042;0.1353;3;0;0;4;0;0;0;0;0;0;0;0;0;1
477862.2586;7761414.794;265.2000122;0.387101445;8.646690369;488.3511887;11.64587212;0.7206;0;2;0;19;1;1;0;1;0;0;1;1;1;1
474641.249;7761522.204;345.2999878;0.521095336;17.40147018;515.5837688;11.21509171;0.3739;4;2;6;14;0;0;0;0;0;0;1;1;0;0
474952.2034;7766295.101;595;0.380883816;2.592469931;579.0205421;9.889335632;0.29;0;3;0;12;0;1;0;1;0;0;1;0;0;1
470155.9846;7767850.267;854.5999756;0.427212331;4.36439991;641.4430618;8.526926994;0.1754;2;3;0;5;0;0;0;0;0;0;0;0;0;1
473936.5742;7765607.768;751.7999878;0.352117431;13.44196987;616.0439644;9.143608093;0.188;5;3;15;6;0;0;0;0;0;0;0;0;0;0
465322.9995;7761504.059;563.4000244;0.331807883;5.545080185;557.4648457;9.983160973;0.4043;0;0;0;10;0;1;0;1;0;0;1;0;0;1
468381.1501;7762260.701;864.2000122;0.452526275;9.177140236;634.0970497;8.558726311;0.1635;5;3;0;7;0;0;0;0;0;0;1;0;0;1
468108.2148;7764540.052;980.7999878;0.32114773;7.125020027;659.1829605;8.068054199;0.1376;5;3;0;0;0;0;0;0;0;0;0;0;0;0
464781.1939;7765229.07;544;0.373170941;2.918970108;565.6170254;10.03932095;0.5434;1;2;0;24;0;1;0;1;0;0;1;1;1;1
476732.641;7764306.327;386.6000061;0.545859164;16.54504013;528.3790798;10.89161587;0.4648;3;2;25;26;0;1;0;0;0;0;0;0;0;0
470678.0334;7766332.874;818.9000244;0.345851446;13.56608009;624.9048271;8.637190819;0.3295;4;0;0;7;0;0;0;1;0;0;0;0;0;1
469555.7873;7762929.062;1035.199951;0.345349875;3.890259981;652.7457848;7.964727402;0.1343;3;5;0;2;0;0;0;0;0;0;0;0;0;0
465937.2568;7767908.243;534;0.295586033;17.50316048;567.5007572;9.996545792;0.4809;1;2;0;13;0;1;0;1;0;0;0;1;0;1
475551.9045;7759143.157;251.1999969;0.426864639;18.75156021;496.7380447;11.71330357;0.8057;2;0;0;21;0;0;0;1;1;1;0;1;1;1
473658.7529;7758175.188;389;0.467888993;15.86100006;502.3968487;11.213027;0.5663;0;3;0;8;0;1;0;1;0;0;0;0;1;1
473032.0617;7765297.548;848.5999756;0.665222366;31.22925949;637.3619156;8.439698219;0.1342;7;0;0;2;0;0;0;0;0;0;0;0;0;0
476782.3605;7759934.567;202.3000031;0.485140848;12.84879017;476.9567547;11.93932533;0.8319;0;0;0;40;0;1;0;1;1;1;1;1;1;1
472117.07;7767341.79;839.7000122;0.297059163;27.9752903;637.2356415;8.687427521;0.0795;8;4;73;0;0;0;0;0;0;0;0;0;0;0
474475.0005;7768296.248;624.7999878;0.395840495;0.522970021;590.6304054;9.565909386;0.2934;0;7;0;11;0;0;0;1;0;0;1;0;0;1
475431.0959;7760527.097;237.5;0.204194408;21.27544022;493.8302803;10.46745968;0.6781;2;0;0;9;1;1;0;1;0;0;1;0;0;1
471048.0244;7763759.891;436.7999878;0.25471719;18.12321091;540.1526718;10.27248096;0.6157;2;0;0;21;1;1;1;1;0;0;1;1;0;1
474961.1311;7765954.072;549.5999756;0.374218218;15.57806969;573.9764175;10.11043262;0.178;2;1;39;0;0;0;0;0;0;0;0;0;0;0
473865.2652;7764319.45;617.5;0.409444397;6.854579926;577.7087955;9.785013199;0.5638;2;0;0;19;0;1;0;1;0;0;1;1;1;1
472227.7003;7766512.828;841.9000244;0.181151774;24.45908928;643.2245216;7.457993507;0.0643;5;2;45;0;0;0;0;0;0;0;0;0;0;0
472934.4955;7765254.735;830.2000122;0.594878713;29.26152039;638.8477669;8.539045334;0.1035;7;2;32;0;0;0;0;0;0;0;0;0;0;0
475517.2252;7765188.564;493.6000061;0.54029028;16.65097046;552.6693382;10.37495995;0.6619;6;0;0;15;0;1;0;1;0;0;0;1;1;1
465493.6214;7763357.514;547.9000244;0.36075917;7.873600006;565.5194664;9.868191719;0.5198;0;0;0;22;1;1;0;1;0;0;0;0;0;1
473321.3515;7758088.685;390.1000061;0.450331773;6.566390038;506.8505325;11.21275425;0.4461;0;0;0;7;1;1;0;1;0;0;0;0;0;1
475136.9342;7760757.609;254.3000031;0.579846419;19.18026924;498.2513103;11.61410999;0.8593;1;0;0;24;0;0;0;0;1;1;1;1;1;1
475322.6985;7761189.241;398.7999878;0.452107914;7.125020027;510.9173222;11.1284399;0.4503;0;2;0;9;1;1;1;1;0;0;0;0;0;1
474978.1775;7761151.982;355.7000122;0.468716644;10.40227032;506.3995972;11.27463245;0.4867;0;0;0;10;1;0;1;1;0;0;0;0;0;1
467875.8675;7759370.197;663.7000122;0.417607354;10.6150198;582.134901;9.595412254;0.3122;3;1;9;8;0;0;0;0;0;0;1;0;0;0
475708.7301;7760478.685;222.6999969;0.558565013;15.56612015;492.1577435;11.80839252;0.8443;1;0;0;22;0;0;0;1;1;1;1;1;1;1
471355.9394;7767929.311;927.4000244;0.29922694;9.04213047;658.3419189;8.088302612;0.1417;6;3;0;2;0;0;0;0;0;0;0;0;0;0
468929.0565;7763089.24;1023.200012;0.39450034;3.618940115;668.1643295;7.770793438;0.155;2;6;0;2;0;0;0;0;0;0;0;0;0;0
463806.1863;7761314.63;606.2999878;0.367921407;1.669950008;571.6237526;9.8045187;0.5814;1;2;0;31;0;0;0;0;0;0;1;0;0;0
472146.9606;7766677.176;831.5999756;0.290993976;8.441510201;642.8085785;8.569527626;0.1717;2;1;0;8;0;0;0;1;0;0;0;0;0;1
467888.9478;7764124.721;969.5999756;0.461272002;6.941999912;663.2893219;7.944385052;0.1434;3;3;9;2;0;0;0;0;0;0;0;0;0;0
474845.3637;7763678.77;471;0.38035991;5.150579929;544.8186016;10.46938324;0.4965;0;1;0;9;1;1;0;1;0;0;0;0;0;1
466534;7762177;695;0.489291445;9.989569664;590.7963657;9.47885704;0.2597;2;1;0;6;0;0;0;0;0;0;0;0;1;0
475505.3689;7760636.723;248.8999939;0.53556975;18.62998962;495.5645676;11.68789005;0.8824;1;0;0;26;0;0;0;0;1;1;0;1;1;1
466365.4054;7766870.909;572.0999756;0.374241841;2.446140051;575.4652081;9.905709267;0.5495;0;1;0;21;0;1;0;1;0;0;1;1;0;1
476324.6104;7766644.745;653;0.39796193;19.64664078;591.7934971;9.571219444;0.1139;5;2;73;0;0;0;0;0;0;0;0;0;0;0
470807.2238;7767694.009;904.0999756;0.449713136;8.019599915;656.6483383;8.304203987;0.1446;3;1;3;6;0;0;0;0;0;0;0;0;0;0
476846.4124;7761794.912;369.7999878;0.3779154;1.432060003;513.9813671;10.98892403;0.4785;0;1;0;11;1;1;0;1;0;0;1;0;0;1
474989.0233;7761093.204;349.7999878;0.523115686;13.90067005;503.429039;11.30251408;0.534;0;0;0;11;1;1;1;1;0;0;0;0;0;1
468256.5231;7764162.507;996.4000244;0.40462406;6.303009987;663.6599617;7.894695282;0.1448;3;7;0;3;0;0;0;0;0;0;0;0;0;0
468876.2796;7765997.042;579.7999878;0.380237103;3.890569925;574.6711349;9.875126839;0.4737;0;2;0;12;1;1;1;1;0;0;0;0;0;1
469906.1863;7763723.497;688;0.291094889;9.648090363;596.3482571;9.289268494;0.2572;3;0;0;11;0;1;1;1;0;0;0;0;0;1
470307.8058;7761505.198;606.7999878;0.443589861;10.51476002;571.3334942;9.843395233;0.3477;1;0;0;8;1;1;0;1;0;0;0;0;0;1
468483.4617;7767463.583;567.7000122;0.427205813;4.465899944;575.0955486;9.93917942;0.4987;1;3;0;30;0;1;1;1;0;0;1;1;1;1
476247.2072;7763915.429;418.7000122;0.381499973;3.262840033;530.3348217;10.74419689;0.4681;1;1;0;19;0;0;0;1;0;0;1;0;0;1
470186.7695;7767359.486;787.0999756;0.551673318;16.5628109;627.5723076;8.844843864;0.1298;7;2;8;4;0;0;0;0;0;0;0;0;0;0
465409.0724;7759891.276;477.8999939;0.410041258;15.63512039;541.3744812;10.51598644;0.5766;2;1;0;15;0;1;0;1;0;0;1;1;1;1
476670.0007;7760827.998;290.7000122;0.486787163;10.21938038;499.8293056;11.48991776;0.8016;0;2;0;18;0;1;0;1;1;0;1;1;1;1
476368.3423;7766700.843;657.7000122;0.449202105;20.82163048;594.253994;9.493741035;0.0765;6;2;64;0;0;0;0;0;0;0;0;0;0;0
477292.0257;7758535.966;149.3000031;0.383689156;2.180720091;470.3928261;12.07273865;0.841;0;0;0;10;0;0;0;0;0;1;0;0;1;1
468286.6194;7759380.53;622.2000122;0.400316372;7.914269924;570.8264961;9.821245193;0.5068;0;0;0;19;0;0;0;1;0;0;1;0;1;1
470040.4308;7766080.584;632.9000244;0.451955833;15.00284004;589.8711357;9.641479492;0.5278;2;3;0;42;0;1;0;1;0;0;1;1;0;1
469298.536;7767176.206;634.0999756;0.49028535;11.91178989;593.3483543;9.663715363;0.5394;4;2;0;16;1;1;1;1;0;0;0;0;0;1
468540.5009;7766862.559;569.0999756;0.399328227;5.515699863;573.8744812;9.864573479;0.4298;0;1;0;17;0;1;1;1;0;0;1;0;0;1
467125.5362;7768274.028;555.7999878;0.403475451;2.862410069;572.8149071;9.982649803;0.6734;0;9;0;15;0;0;0;0;0;0;0;0;0;0
471936.6477;7762061.511;412.6000061;0.429660156;18.20207024;529.6554451;10.82546806;0.3563;0;2;21;13;0;0;0;1;0;0;1;0;0;0
470780.2565;7762874.81;574.2999878;0.230611305;22.72730064;565.900423;9.628545761;0.2201;3;0;0;12;0;0;1;1;0;0;0;0;0;1
476702.0617;7766959.221;649.2999878;0.377369786;14.56643963;592.3327179;9.587862015;0.1532;7;4;52;1;0;0;0;0;0;0;0;0;0;0
476224.9995;7759819.996;197.8000031;0.482619376;9.107709885;475.2023563;11.9740057;0.805;0;0;0;9;0;0;0;1;0;1;0;0;1;1
472352.7644;7768011.146;705.5999756;0.234002765;21.58383942;613.3442726;8.829594612;0.1187;6;2;38;0;0;0;0;0;0;0;0;0;0;0
477551.703;7759192.884;132.8000031;0.364064655;5.822919846;462.0463181;11.98258209;0.7472;0;1;0;26;0;0;0;0;1;1;0;1;1;1
463194.3322;7764375.746;673.5;0.387954065;4.618159771;596.3389988;9.361557007;0.3081;2;1;0;12;0;1;0;1;0;0;1;0;0;1
476560.19;7766913.813;674.7000122;0.408438734;14.70771027;595.0392056;9.478328705;0.1701;5;2;36;4;0;0;0;0;0;0;0;0;0;0
471328.5881;7762182.108;502.2999878;0.282204809;12.61958981;547.8860817;10.13710117;0.2946;2;0;29;12;0;0;0;0;0;0;0;0;0;0
464252.9249;7768970.563;549.0999756;0.384321641;1.180940032;572.0662708;9.965411186;0.573;0;4;0;24;0;1;0;1;0;0;1;0;1;1
467840.4303;7764731.215;966.5999756;0.359707612;4.474899769;659.0540619;8.046208382;0.1466;7;3;0;2;0;0;0;0;0;0;0;0;0;0
470788.4738;7765765.484;732.0999756;0.691231246;29.32068062;613.6297913;9.033802032;0.3444;2;0;0;8;0;0;0;1;0;0;1;0;1;1
464703.231;7764613.26;549.4000244;0.432347707;3.848429918;564.2557869;10.06422615;0.5167;1;1;0;19;0;1;0;1;0;0;1;0;1;1
474906.4381;7765080.2;527.2000122;0.401447649;3.663700104;561.7936687;10.23086357;0.3458;6;2;13;5;0;0;0;0;0;0;0;0;0;0
466942.4061;7766509.093;643.5;0.33719877;6.277329922;589.4130859;9.499537468;0.3389;2;1;0;11;0;1;0;1;0;0;0;0;0;1
473097.4687;7766033.534;950.2000122;0.33604186;8.441599846;656.9751587;8.061867714;0.1506;4;0;0;4;1;0;0;0;0;0;0;0;0;0
473762.1791;7766127.319;785.5999756;0.274325898;14.07925034;627.8745842;8.692012787;0.1542;5;2;18;1;0;0;0;0;0;0;0;0;0;0
466577.7019;7761336.627;656.4000244;0.403421069;14.73828983;583.0717506;9.605462074;0.6289;2;0;0;27;0;1;1;1;0;0;1;0;0;1
466411.2854;7764611.865;716.2999878;0.469397988;25.01939011;608.4463196;9.32674408;0.1791;3;0;0;5;0;0;0;0;0;0;1;0;0;0
467382.3276;7763754.565;899.7999878;0.50252108;12.43540001;644.2709541;8.247618675;0.1152;6;2;24;0;0;0;0;0;0;0;0;0;0;0
469275.3011;7764356.517;634.5;0.187920648;25.23456001;593.6484108;8.74434185;0.1919;6;2;22;5;0;0;0;1;0;0;0;0;0;0
470278.1617;7764020.629;561;0.220697861;17.90617943;564.5718021;9.363183975;0.5187;2;0;0;19;0;1;0;1;0;0;1;0;1;1
477699.5902;7763868.286;356.7999878;0.398539091;0.810159981;517.2263851;11.0218792;0.627;0;7;0;5;0;1;0;0;0;0;0;0;0;0
468185.8949;7758253.573;513.0999756;0.425769491;4.044589996;544.7416439;10.3299284;0.6563;3;1;0;26;1;1;0;1;0;0;1;0;1;1
463909.3167;7762878.272;574.7999878;0.398300201;3.042449951;566.3010998;9.943535805;0.457;0;2;0;7;0;1;0;1;0;0;1;0;0;1
470824.563;7766837.812;824.9000244;0.459233234;14.15703964;636.8022995;8.775439262;0.1965;3;0;0;7;0;0;0;1;0;0;1;0;0;1
474771.2979;7766148.614;596.0999756;0.426642102;6.889709949;580.025629;9.921191216;0.2516;0;2;5;19;0;0;0;0;0;0;1;0;0;0
473148.2146;7765548.255;966.5999756;0.47364795;22.95821953;649.2772789;7.994524956;0.1612;8;1;0;1;0;0;0;0;0;0;0;0;0;0
471759.2624;7765784.623;994.2000122;0.526909236;23.34766006;659.3976059;8.082649231;0.1623;4;2;0;5;0;0;0;0;0;0;0;0;0;0
465395.491;7765118.147;537.4000244;0.428066881;9.339559555;564.8007259;10.01007462;0.4356;4;2;20;12;0;1;0;1;0;0;1;0;0;0
476564.8441;7767163.69;695.2999878;0.338529987;12.55860043;601.1161079;9.367655754;0.2081;5;2;28;5;0;0;0;0;0;0;0;0;0;0
473853.9788;7768322.78;632;0.396089999;0.122400001;591.1625214;9.536535263;0.2336;0;9;0;10;0;0;0;1;0;0;1;0;0;1
468908.5984;7764646.223;655.7000122;0.186776259;23.71666908;602.6369553;8.246210098;0.26;5;1;0;8;0;0;0;1;0;0;1;0;0;0
477932.3245;7768887.729;594.2999878;0.438417492;6.232180119;584.221159;9.820518494;0.2934;0;3;0;24;0;1;1;1;0;0;1;0;1;1
469345.5751;7758802.395;495.3999939;0.388929703;6.410930157;541.5343285;10.37961102;0.4752;2;1;0;27;0;1;0;1;0;0;1;1;1;1
465426.5029;7765786.764;541.7999878;0.412990286;5.545119762;565.702467;10.0730381;0.5287;0;0;0;23;0;1;1;1;0;0;1;1;0;1
475345.0647;7761459.562;396.1000061;0.347189663;4.289169788;519.1592388;10.8516283;0.4708;1;2;0;14;0;0;0;1;0;0;0;0;0;0
469873.8522;7763250.038;801.5999756;0.171175373;30.28739929;623.203186;8.001769066;0.2036;5;0;0;5;0;0;0;0;0;0;0;0;0;1
463588.513;7763670.017;667.9000244;0.432576475;4.574029922;591.055151;9.531348228;0.2017;2;1;26;7;0;0;0;1;0;0;1;0;0;0
465719.8708;7762212.427;559.4000244;0.517801976;19.12499046;569.3301239;10.08285522;0.5375;1;0;0;35;0;0;0;1;1;0;1;1;0;1
474627.6706;7761325.174;328.7000122;0.349894075;7.412260056;509.840498;11.24238968;0.4717;1;2;0;10;0;1;0;0;0;0;1;1;1;0
475885.5412;7759589.015;253.3999939;0.312783154;6.681960106;484.1066437;11.53094959;0.4926;1;0;0;7;1;1;0;1;0;0;0;0;0;0
468404.2499;7764163.958;1004.700012;0.351619702;4.094779968;660.0097961;7.940747738;0.1384;1;7;0;2;0;0;0;0;0;0;0;0;0;0
467176.309;7767036.665;580.5999756;0.300566388;8.779120445;576.115448;9.66526413;0.3944;3;2;0;12;0;1;0;1;0;0;1;0;0;1
474714.0308;7765557.373;579;0.285022208;17.35757065;574.47715;9.85704422;0.2275;4;0;14;15;0;0;0;1;0;0;1;0;0;0
474917.1923;7765319.858;544.4000244;0.291508392;15.53028011;564.6833878;10.01984787;0.386;4;0;0;17;0;1;0;1;0;0;1;1;1;1
465091.471;7765499.775;534;0.391922854;0.10819;563.7783489;10.0830164;0.579;0;1;0;15;0;1;0;1;0;0;1;0;1;1
